{"t": 1547627363823, "s": "ETH-BTC", "a": {"0.03372443": 3.0, "0.03372445": 2.56e-05, "0.033726": 1.7372, "0.03372783": 14.99, "0.03375": 0.88, "0.03377021": 29.79, "0.03379501": 30.29, "0.03381113": 1.2172672, "0.03383245": 41.57, "0.03392898": 19.5155, "0.03396": 10.0, "0.03397647": 195.155, "0.03397648": 0.0076602, "0.034": 0.029, "0.03402958": 0.4, "0.03411186": 2.23, "0.03411965": 0.088446, "0.03420251": 5.9199489, "0.0343139": 0.0877834, "0.03446393": 71.772143, "0.03453213": 5.99494, "0.0347": 0.1950623, "0.034719": 0.2, "0.03475155": 0.0029323, "0.03490723": 0.114303, "0.035": 0.2951565, "0.0351": 2.4315374, "0.03525": 2.261, "0.035268": 0.2683676, "0.0353": 0.04, "0.03532977": 0.5442956, "0.03536229": 0.0321929, "0.0358381": 0.1693576, "0.03583812": 11.8263755, "0.03585111": 0.017304, "0.03599997": 0.01, "0.036": 0.0308747, "0.03622199": 0.0142585, "0.036222": 2.0157, "0.03624025": 0.1536, "0.0363": 0.6388819, "0.0363444": 1.1316556, "0.03661196": 0.0684027, "0.03666328": 3.1899, "0.03668": 5.0, "0.03669272": 0.1854, "0.03683949": 1.62, "0.03683999": 3.7208809, "0.03685808": 2.339, "0.03685959": 5.336, "0.03686009": 2.361, "0.03686059": 3.227, "0.03686109": 0.577, "0.03686593": 3.9729193, "0.03686643": 1.399, "0.03687698": 2.275, "0.03688831": 6.3311, "0.0368949": 0.1208, "0.0369": 0.0044, "0.03694582": 0.0502375, "0.03699996": 0.01, "0.037": 0.0671036, "0.03700055": 0.01, "0.03715": 0.2997, "0.03724563": 0.3959099, "0.0372561": 0.6684503, "0.03728": 5.0, "0.0373": 0.004, "0.03735": 1.0, "0.0374": 1.6925112, "0.037533": 0.3534318, "0.03766856": 0.0768312, "0.03768815": 0.0150588, "0.03772594": 0.0079581, "0.03780562": 0.0998, "0.03791463": 0.1841773, "0.038": 0.3234108, "0.03819901": 4e-05, "0.03823583": 0.1482736, "0.03834155": 0.1343404, "0.03839207": 1.0761211, "0.0384": 0.0013387, "0.03851389": 0.1489565, "0.03854165": 0.016096, "0.03888725": 0.4203192, "0.03888888": 0.1891764, "0.0389": 0.0515036, "0.0389891": 0.01, "0.039": 1.1387803, "0.03902609": 0.01, "0.03904507": 0.07, "0.03907202": 0.0001597, "0.0391": 0.7800414, "0.0393793": 4.0652239, "0.03944922": 1.5, "0.03948": 10.0, "0.0395": 0.0041935, "0.04": 2.2267953, "0.04048": 4.3127751, "0.04050826": 0.07}, "b": {"0.026": 1.1, "0.02611603": 0.257289, "0.02616644": 0.3766247, "0.02629856": 0.064462, "0.02638505": 1.2376478, "0.0264": 28.2799696, "0.02640795": 0.2487869, "0.0265007": 0.0929684, "0.026533": 0.051, "0.02683037": 0.5769767, "0.02684": 2.0003178, "0.027": 2.3701103, "0.02715315": 0.8035, "0.02715504": 1.358321, "0.0271569": 0.675, "0.02716341": 1.5893881, "0.0275": 1.0, "0.0275836": 1.0, "0.02766566": 11.5037978, "0.0276771": 0.0560625, "0.02773116": 0.410694, "0.0279797": 0.8434196, "0.028": 11.181075, "0.02827737": 0.1243414, "0.028336": 0.01, "0.02857433": 0.1297874, "0.0286": 8.0, "0.02899917": 0.02, "0.029": 1.2607251, "0.02941656": 1.4505801, "0.0295": 0.65, "0.02955835": 12.0, "0.02984566": 0.0248711, "0.02998011": 0.1000663, "0.03": 7.9550946, "0.03000001": 1.2649272, "0.03000002": 3.0, "0.0300782": 0.5872902, "0.0301586": 0.0271932, "0.03021": 0.3, "0.03029016": 0.5731459, "0.03039799": 2.0393696, "0.03043648": 0.3778449, "0.03048": 0.000328, "0.03074415": 2.2227051, "0.03093714": 0.2172194, "0.031": 1.2223635, "0.03112": 0.3, "0.03118219": 0.0820548, "0.03123309": 0.07, "0.03139917": 0.1, "0.03143": 0.0038488, "0.03144": 0.7514589, "0.03146118": 0.0820855, "0.0315": 0.050788, "0.03150087": 1.428, "0.03150687": 6.4825, "0.03156": 0.4, "0.0316": 0.7319167, "0.03171676": 0.1, "0.03178022": 19.118957, "0.0319355": 20.0, "0.032": 5.1020908, "0.03205683": 0.0315726, "0.03207959": 11.7613965, "0.0323537": 0.1353215, "0.03245707": 97.5775, "0.0325": 1.0330603, "0.03258312": 0.4, "0.0326": 0.662561, "0.03269878": 0.2296746, "0.03275": 0.0124583, "0.03293596": 97.5775, "0.03296902": 0.1413989, "0.03313258": 0.0038726, "0.03313346": 0.0854489, "0.03319258": 0.098932, "0.03319776": 2.23, "0.03319907": 0.0368142, "0.03319908": 0.5, "0.03322804": 0.5245399, "0.03324013": 3.8511458, "0.03325786": 0.1138982, "0.0332795": 0.0692477, "0.0333": 0.1388564, "0.03332198": 0.0959186, "0.03334995": 2.4143079, "0.03334996": 195.155, "0.03342": 10.0132695, "0.03353906": 39.0, "0.03353907": 19.5155, "0.03354137": 5.4510933, "0.03355972": 30.84, "0.03355973": 3.0755207, "0.03359791": 30.49, "0.03361259": 0.1960595, "0.033613": 1.69, "0.03364372": 15.5, "0.03365154": 3.0, "0.03366949": 0.1160456}}
{"t": 1547627363823, "s": "ETH-BTC", "a": {"0.03372427": 2.976, "0.03372428": 2.37e-05, "0.03372442": 5.958, "0.03380445": 33.58, "0.03372445": 0, "0.033726": 0, "0.03377021": 0, "0.04050826": 0}, "b": {"0.03365423": 0.1164177, "0.03366949": 0}}
